web-scraper-order,web-scraper-start-url,tourlist,tourlist-href,name,gia,lichtrinh,mota,ngay
1592239861-155,https://travel.com.vn/du-lich-viet-nam.aspx,Phú Quốc - Ngắm Hoàng Hôn Tại Sunset Sanato - Bãi Sao (Khách Sạn 5 Sao) - Việt Nam Dưới Cánh Chim Bay,https://travel.com.vn/tourNDSGN877-003-170620VJ-H-2/phu-quoc-ngam-hoang-hon-tai-sunset-sanato-bai-sao-khach-san-5-sao-viet-nam-duoi-canh-chim-bay.aspx,Phú Quốc - Ngắm Hoàng Hôn Tại Sunset Sanato - Bãi Sao (Khách Sạn 5 Sao) - Việt Nam Dưới Cánh Chim Bay,3990000,"<div class=""list__item"">
                                    <div class=""list__time"">
                                        <div class=""num"">Ngày 01</div>
                                        <div class=""day"">17-06-2020</div>
                                    </div>
                                    <div class=""list__border""></div>
                                    <div class=""list__desc"">
                                        <h3 class=""font500 name""><img src=""/Content/ThemeHe/img/i-marker.png"" alt=""marker"">&nbsp;&nbsp;&nbsp;TP.HCM - PHÚ QUỐC - SUNSET SANATO BEACH CLUB Số bữa ăn: 1 bữa (trường hợp chuyến bay trước 11h, Vietravel sẽ hỗ trợ Quý khách bữa ăn trưa)</h3>
                                        <div class=""d1 detail"">
                                            
	
		<title></title>
	
	
		<div style=""text-align: justify;"">
			<div>
				Quý khách tập trung tại Sân bay Tân Sơn Nhất, ga đi Trong Nước. Hướng dẫn viên làm thủ tục cho Quý khách đáp chuyến bay đi <a href=""https://travel.com.vn/phu-quoc/tour-phu-quoc.aspx?utm_source=internalbl&amp;utm_medium=click&amp;utm_campaign=ATLinks"" target=""_blank"">Phú Quốc</a>. Xe đón đoàn tại sân bay đưa Quý khách ghé thăm <strong>Dinh Cậu </strong>- biểu tượng văn hoá và tín ngưỡng của đảo Phú Quốc, là nơi cầu may mắn, cầu an lành và là nơi ngư dân địa phương gởi gắm niềm tin cho một chuyến ra khơi đánh bắt đầy ắp cá khi trở về. Sau đó, đoàn viếng <strong>Dinh Bà Thủy Long Thánh Mẫu </strong>là nơi thờ Thần Nữ Kim Giao, người phụ nữ được người dân Phú Quốc rất mực tôn kính vì có công khai phá huyện đảo này. Sau đó nhận phòng khách sạn nghỉ ngơi.</div>
			<div>
				Chiều Quý khách tham quan <strong>Chùa Sư Muôn (Hùng Long Tự)</strong> - để cầu nguyện sự an lành và hạnh phúc đến với gia đình. Tiếp tục, đoàn tham quan <strong>Làng Chài Hàm Ninh </strong>nằm phía Đông Đảo tại đây Quý khách được hướng dẫn viên giới thiệu về cuộc sống của người dân xứ đảo với nghề đánh bắt hải sản. Tiếp tục hành trình Quý khách tham quan <strong>Sunset Sanato Beach Club</strong> sở hữu vị thế đắc địa nhất, khu vui chơi nằm ngay trung tâm của Bãi Trường. Nơi đây, sóng biển dịu êm như một dòng sông, bạn sẽ thấy mình được hưởng trọn vẹn hương vị mặn mòi của biển và mát lành của những hoang sơ còn vương vấn, đến đây du khách sẽ được thưởng ngoạn phong cảnh biển tuyệt đẹp, những góc ảnh check-in cực chất, tự do tắm biển, hòa nhịp trong những bản nhạc sôi động . Nghỉ đêm tại Phú Quốc.</div>
		</div>
	


                                        </div>
                                        <div class=""an-hien ah1"">
                                            <div class=""hienra"">
                                                <a href=""#""> Xem thêm &nbsp;<i class=""fas fa-arrow-down""></i></a>
                                            </div>
                                            <div class=""andi"" style=""display: none;"">
                                                <a href=""#""> Ẩn đi &nbsp;<i class=""fas fa-arrow-up""></i></a>
                                            </div>
                                        </div>
                                        <div class=""border""></div>
                                    </div>
                                </div>
                                <div class=""list__item"">
                                    <div class=""list__time"">
                                        <div class=""num"">Ngày 02</div>
                                        <div class=""day"">18-06-2020</div>
                                    </div>
                                    <div class=""list__border""></div>
                                    <div class=""list__desc"">
                                        <h3 class=""font500 name""><img src=""/Content/ThemeHe/img/i-marker.png"" alt=""marker"">&nbsp;&nbsp;&nbsp;DƯƠNG ĐÔNG - BÃI SAO  Số bữa ăn: 2 bữa (sáng, trưa, chiều tự túc)</h3>
                                        <div class=""d2 detail"">
                                            
	
		<title></title>
	
	
		<div style=""text-align: justify;"">
			<div>
				Xe đưa Quý khách đến tham quan tắm biển <strong>Bãi Sao</strong> nằm ở phía Nam Đảo - một bãi biển dịu êm, bãi cát dài tĩnh lặng và nguyên sơ nơi đảo xanh. Tại đây Quý khách sẽ thật sự cảm thấy yên bình, thư thái và dường như cuộc sống chậm lại khi hòa mình cùng thiên nhiên. Ăn trưa, về lại khách sạn tự do nghỉ ngơi. Trên đường về, Quý khách Tham quan<strong> Vườn Tiêu, Nhà Thùng làm nước mắm, Cơ Sở nuôi cấy Ngọc Trai</strong>.</div>
			<div>
				Buổi chiều, Quý khách tự do tham quan <strong>Khu vui chơi giải trí Vinwonder (chi phí tự túc) </strong>rộng lớn với đầy đủ những trò chơi dành cho mọi lứa tuổi và sở thích. Nơi đây hội đủ tất cả các trò chơi trong nhà, ngoài trời như: đĩa bay, đu quay con ong, cốc xoay, đĩa quay siêu tốc, cối xay gió,… Khu công viên nước với các trò chơi hấp dẫn như: boomerang khổng lồ, đường trượt siêu lòng chảo, dòng sông lười, lâu đài, bể tạo sóng… Tiếp tục Quý khách có thể khám phá Khu Thủy Cung với hàng trăm loài cá và sinh vật biển kỳ thú như: cá Hải tượng, cá Sấu hỏa tiễn với chiếc mõm dài và hung dữ hay những loài quý hiếm như cá Nemo, cá Napoleon, cá Mập trắng, cua King Crab…. Hơn nữa, ở đây&nbsp; còn có Rạp chiếu phim 5D, Sân khấu nhạc nước.&nbsp;</div>
			<div>
				Hay trải nghiệm tại <strong>Vườn Thú Hoang Dã đầu tiên tại Việt Nam (chi phí tự túc)</strong> với quy mô 180ha, hơn 130 loài động vật quý hiếm và các chương trình Biểu diễn động vật, Chụp ảnh với động vật, Khám phá và trải nghiệm Vườn thú mở trong rừng tự nhiên, gần gũi và thân thiện với con người. Quý khách tự túc ăn tối. Nghỉ đêm tại khách sạn.</div>
		</div>
	


                                        </div>
                                        <div class=""an-hien ah2"">
                                            <div class=""hienra"">
                                                <a href=""#""> Xem thêm &nbsp;<i class=""fas fa-arrow-down""></i></a>
                                            </div>
                                            <div class=""andi"" style=""display: none;"">
                                                <a href=""#""> Ẩn đi &nbsp;<i class=""fas fa-arrow-up""></i></a>
                                            </div>
                                        </div>
                                        <div class=""border""></div>
                                    </div>
                                </div>
                                <div class=""list__item"">
                                    <div class=""list__time"">
                                        <div class=""num"">Ngày 03</div>
                                        <div class=""day"">19-06-2020</div>
                                    </div>
                                    <div class=""list__border""></div>
                                    <div class=""list__desc"">
                                        <h3 class=""font500 name""><img src=""/Content/ThemeHe/img/i-marker.png"" alt=""marker"">&nbsp;&nbsp;&nbsp;PHÚ QUỐC - TP.HCM Số bữa ăn: 1 bữa sáng</h3>
                                        <div class=""d3 detail"">
                                            
	
		<title></title>
	
	
		<div style=""text-align: justify;"">
			Sau khi ăn sáng. Tự do tắm biển nghỉ ngơi. Đến giờ trả phòng khách sạn. Sau đó, xe đưa Quý khách ra sân bay <a href=""https://travel.com.vn/phu-quoc/tour-phu-quoc.aspx?utm_source=internalbl&amp;utm_medium=click&amp;utm_campaign=ATLinks"" target=""_blank"">Phú Quốc</a> đáp chuyến bay trở về Tp.HCM. Chia tay Quý khách và kết thúc chương trình <a href=""https://travel.com.vn/?utm_source=internalbl&amp;utm_medium=click&amp;utm_campaign=ATLinks"" target=""_blank"">du lịch</a> tại sân bay Tân Sơn Nhất.</div>
	


                                        </div>
                                        <div class=""an-hien ah3"">
                                            <div class=""hienra"">
                                                <a href=""#""> Xem thêm &nbsp;<i class=""fas fa-arrow-down""></i></a>
                                            </div>
                                            <div class=""andi"" style=""display: none;"">
                                                <a href=""#""> Ẩn đi &nbsp;<i class=""fas fa-arrow-up""></i></a>
                                            </div>
                                        </div>
                                        <div class=""border""></div>
                                    </div>
                                </div>","Phú Quốc là điểm nghỉ dưỡng, tham quan, và khám phá sinh thái tuyệt vời. Mũi Ông Đội, Đá Chào là thế giới san hô và cá biển sặc sỡ. Bãi Sao cát trắng mịn, dáng cong, nước xanh ngọc bích. Đặc sản danh tiếng cả nước là tiêu sọ, nước mắm, rượu sim, ngọc trai. Phú Quốc thực sự là một viên ngọc quý trên bản đồ Việt Nam.",3 Ngày
1592239868-158,https://travel.com.vn/du-lich-viet-nam.aspx,Nha Trang - Làng Chài Xưa Mũi Né - Hòn Lao Đảo Khỉ - KDL Galina Lake View - I Resort - Vinpearl Land (Xe. Khách Sạn 3*) - Việt Nam Dưới Cánh Chim Bay,https://travel.com.vn/tourNDSGN6127-001-250620XE-H/nha-trang-lang-chai-xua-mui-ne-hon-lao-dao-khi-kdl-galina-lake-view-i-resort-vinpearl-land-xe-khach-san-3sao-viet-nam-duoi-canh-chim-bay.aspx,Nha Trang - Làng Chài Xưa Mũi Né - Hòn Lao Đảo Khỉ - KDL Galina Lake View - I Resort - Vinpearl Land (Xe. Khách Sạn 3*) - Việt Nam Dưới Cánh Chim Bay,2790000,"<div class=""list__item"">
                                    <div class=""list__time"">
                                        <div class=""num"">Ngày 01</div>
                                        <div class=""day"">25-06-2020</div>
                                    </div>
                                    <div class=""list__border""></div>
                                    <div class=""list__desc"">
                                        <h3 class=""font500 name""><img src=""/Content/ThemeHe/img/i-marker.png"" alt=""marker"">&nbsp;&nbsp;&nbsp;TP.HCM – PHAN THIẾT – NHA TRANG  	 Số bữa săn: 03  (Ăn sáng, trưa, tối)</h3>
                                        <div class=""d1 detail"">
                                            
	
		<title></title>
	
	
		<div style=""text-align: justify;"">
			<div>
				Quý khách tập trung tại <a href=""https://www.vietravel.com?utm_source=internalbl&amp;utm_medium=click&amp;utm_campaign=ATLinks"" target=""_blank"">Vietravel</a> (190 Pasteur, Q3, Tp.HCM), xe đưa đoàn khởi hành đi <a href=""https://travel.com.vn/nha-trang/tour-nha-trang.aspx?utm_source=internalbl&amp;utm_medium=click&amp;utm_campaign=ATLinks"" target=""_blank"">Nha Trang</a>. Đến Phan Thiết, đoàn dùng cơm trưa và tham quan:</div>
			<div>
				-<span style=""white-space:pre""> </span><strong>Làng Chài Xưa</strong>: du khách sẽ được đi xuyên vào không gian tương tác tái hiện Làng Chài Xưa Mũi Né với lịch sử 300 năm cái nôi của nghề làm nước mắm, trải nghiệm cảm giác lao động trên đồng muối, đi trên con đường rạng xưa, thăm phố cổ Phan Thiết, vào xóm lò tĩn, thăm nhà lều của hàm hộ nước mắm xưa, đắm chìm cảm xúc trong biển 3D và thích thú khi đi chợ làng chài xưa với bàn tính tay, bàn cân xưa thú vị</div>
			<div>
				Đoàn tiếp tục hành trình đến với thành phố biển Nha Trang. Trên cung đường đi, Quý khách sẽ dừng chân chụp ảnh kỷ niệm tại <strong>Bãi biển Cà Ná</strong> - một trong những bãi biển đẹp nhất miền Trung.</div>
			<div>
				Sau khi ăn tối, đoàn về nhận phòng nghỉ ngơi. Buổi tối, Quý khách tự do dạo chợ đêm Nha Trang, sắm cho mình những món đồ thủ công mỹ nghệ hay tản bộ dọc công viên phố biển về đêm. Nghỉ đêm tại Nha Trang.</div>
		</div>
	


                                        </div>
                                        <div class=""an-hien ah1"">
                                            <div class=""hienra"">
                                                <a href=""#""> Xem thêm &nbsp;<i class=""fas fa-arrow-down""></i></a>
                                            </div>
                                            <div class=""andi"" style=""display: none;"">
                                                <a href=""#""> Ẩn đi &nbsp;<i class=""fas fa-arrow-up""></i></a>
                                            </div>
                                        </div>
                                        <div class=""border""></div>
                                    </div>
                                </div>
                                <div class=""list__item"">
                                    <div class=""list__time"">
                                        <div class=""num"">Ngày 02</div>
                                        <div class=""day"">26-06-2020</div>
                                    </div>
                                    <div class=""list__border""></div>
                                    <div class=""list__desc"">
                                        <h3 class=""font500 name""><img src=""/Content/ThemeHe/img/i-marker.png"" alt=""marker"">&nbsp;&nbsp;&nbsp;NHA TRANG – KHU DU LỊCH GALINA LAKE VIEW        Số bữa ăn: 03 (Ăn sáng, trưa, tối)</h3>
                                        <div class=""d2 detail"">
                                            
	
		<title></title>
	
	
		<div style=""text-align: justify;"">
			<div>
				Sau khi dùng bữa sáng tại khách sạn, Quý khách khởi hành tham quan:</div>
			<div>
				-<span style=""white-space:pre""> </span><strong>Khu <a href=""https://travel.com.vn/?utm_source=internalbl&amp;utm_medium=click&amp;utm_campaign=ATLinks"" target=""_blank"">du lịch</a> Galina Lake View</strong>: với một hành trình 2 điểm đến, đến đây vừa tham quan Khu Di tích Lịch sử: ""Căn cứ Cách Mạng Đồng Bò"" vừa tham quan khung cảnh thơ mộng với con đường đầy hoa, những giàn hoa giấy đỏ, những vườn cây thông hữu tình.&nbsp;</div>
			<div>
				Trở về thành phố, đoàn dùng cơm trưa. Buổi chiều, xe đưa đoàn tham quan:</div>
			<div>
				-<span style=""white-space:pre""> </span><strong>Tháp Bà Ponagar</strong>: công trình tiêu biểu cho nghệ thuật kiến trúc và điêu khắc tín ngưỡng tôn giáo bậc nhất của dân tộc Chăm tại <a href=""https://travel.com.vn/nha-trang/tour-nha-trang.aspx?utm_source=internalbl&amp;utm_medium=click&amp;utm_campaign=ATLinks"" target=""_blank"">Nha Trang</a>.</div>
			<div>
				-<span style=""white-space:pre""> </span><strong>Trung tâm suối khoáng nóng cao cấp I-Resort</strong>: với không gian yên tĩnh, cây cối xanh tươi, I-Resort sẽ hiện ra như một bức tranh thiên nhiên đậm chất Việt, Quý khách sẽ được trải nghiệm mới dịch vụ tắm khoáng thư giãn. Ngoài ra, Quý khách còn có thể tắm bùn khoáng hoặc massage cho làn da thêm tươi trẻ (chi phí tắm bùn tự túc)</div>
			<div>
				Buổi tối, Quý khách có thể tự do trải nghiệm phố biển về đêm hay thưởng thức 1 ly cocktail bên cạnh hồ bơi của khách sạn. Nghỉ đêm tại Nha Trang.</div>
		</div>
	


                                        </div>
                                        <div class=""an-hien ah2"">
                                            <div class=""hienra"">
                                                <a href=""#""> Xem thêm &nbsp;<i class=""fas fa-arrow-down""></i></a>
                                            </div>
                                            <div class=""andi"" style=""display: none;"">
                                                <a href=""#""> Ẩn đi &nbsp;<i class=""fas fa-arrow-up""></i></a>
                                            </div>
                                        </div>
                                        <div class=""border""></div>
                                    </div>
                                </div>
                                <div class=""list__item"">
                                    <div class=""list__time"">
                                        <div class=""num"">Ngày 03</div>
                                        <div class=""day"">27-06-2020</div>
                                    </div>
                                    <div class=""list__border""></div>
                                    <div class=""list__desc"">
                                        <h3 class=""font500 name""><img src=""/Content/ThemeHe/img/i-marker.png"" alt=""marker"">&nbsp;&nbsp;&nbsp;NHA TRANG – THIÊN ĐƯỜNG CỦA BIỂN   Số bữa ăn: 2 (Ăn sáng, ăn trưa)</h3>
                                        <div class=""d3 detail"">
                                            
	
		<title></title>
	
	
		<div style=""text-align: justify;"">
			<div>
				Dùng bữa sáng tại khách sạn, Xe đưa đoàn đi tham quan:&nbsp;</div>
			<div>
				-<span style=""white-space:pre""> </span><strong>KDL <a href=""https://travel.com.vn/nha-trang/tour-hon-lao.aspx?utm_source=internalbl&amp;utm_medium=click&amp;utm_campaign=ATLinks"" target=""_blank"">Hòn Lao</a> - Đảo Khỉ</strong>: nơi có hơn 1000 chú khỉ đang được bảo tồn và sinh sống tự nhiên. Quý khách tự do tắm biển, thư giãn, tham quan xem chương trình biểu diễn xiếc Khỉ, đua chó, khỉ bơi lội hoặc trải nghiệm các môn thể thao trên bãi biển và trò chơi: canô kéo dù, mô tô nước, đua xe công thức 1, bắn súng sơn, cưỡi đà điểu … (chi phí tự túc).&nbsp; Ăn trưa. Sau đó xe đưa đoàn về lại khách sạn tự do nghỉ ngơi.&nbsp;</div>
			<div>
				-<span style=""white-space:pre""> </span>Buổi chiều, Quý khách tự do thuê xe điện khám phá một vòng thành phố <a href=""https://travel.com.vn/nha-trang/tour-nha-trang.aspx?utm_source=internalbl&amp;utm_medium=click&amp;utm_campaign=ATLinks"" target=""_blank"">Nha Trang</a> với những công trình nổi tiếng như: Chùa Long Sơn, Nhà Thờ Đá, ,.., Thưởng thức hải sản tại Phố Tháp Bà hay những nhà hàng dọc đường Trần Phú và thư giãn với massage chân xua tan mệt mỏi,..( chi phí tự túc). HOẶC Quý khách có thể tự do đi tham quan KDL Vinpearl Land: (Giá vé sử dụng sau 17 giờ chiều:&nbsp; +660.000đồng/ người lớn (chiều cao từ 1m4 trở lên); +500.000đồng/ trẻ em (chiều cao từ 1m - dưới 1m4). Về lại khách sạn, tự do nghỉ ngơi.&nbsp; Nghỉ đêm tại Nha Trang&nbsp;&nbsp;</div>
			<div>
				&nbsp;</div>
			<div>
				<em><strong>Ghi chú: Trong trường hợp quý khách lựa chọn đi tham quan KDL Vinpearl Land cả ngày không đi KDL Hòn Lao – Đảo Khỉ và ăn trưa, vui lòng báo ngay khi đăng ký trừ chi phí - 230.000đồng/1khách người lớn, - 165.000đồng/1 khách trẻ em.&nbsp;&nbsp;</strong></em></div>
		</div>
	


                                        </div>
                                        <div class=""an-hien ah3"">
                                            <div class=""hienra"">
                                                <a href=""#""> Xem thêm &nbsp;<i class=""fas fa-arrow-down""></i></a>
                                            </div>
                                            <div class=""andi"" style=""display: none;"">
                                                <a href=""#""> Ẩn đi &nbsp;<i class=""fas fa-arrow-up""></i></a>
                                            </div>
                                        </div>
                                        <div class=""border""></div>
                                    </div>
                                </div>
                                <div class=""list__item"">
                                    <div class=""list__time"">
                                        <div class=""num"">Ngày 04</div>
                                        <div class=""day"">28-06-2020</div>
                                    </div>
                                    <div class=""list__border""></div>
                                    <div class=""list__desc"">
                                        <h3 class=""font500 name""><img src=""/Content/ThemeHe/img/i-marker.png"" alt=""marker"">&nbsp;&nbsp;&nbsp;NHA TRANG – TP.HỒ CHÍ MINH   Số bữa ăn 2 (Ăn sáng, trưa)</h3>
                                        <div class=""d4 detail"">
                                            
	
		<title></title>
	
	
		<div style=""text-align: justify;"">
			Sau khi dùng bữa sáng, đoàn trả phòng và khởi hành về lại TP.HCM. Trên đường đi, đoàn dừng chân tại:</div>
		<div style=""text-align: justify;"">
			-<strong><span style=""white-space:pre""> </span>Organik Farm - Hello Muine</strong>: mua sắm đặc sản Phan Thiết sạch về làm quà cho người thân và bạn bè. Chiều đoàn về đến TP. Hồ Chí Minh, xe đưa về điểm đón ban đầu. Chia tay Quý khách và kết thúc chương trình <a href=""https://travel.com.vn/?utm_source=internalbl&amp;utm_medium=click&amp;utm_campaign=ATLinks"" target=""_blank"">du lịch</a>.</div>
	


                                        </div>
                                        <div class=""an-hien ah4"">
                                            <div class=""hienra"">
                                                <a href=""#""> Xem thêm &nbsp;<i class=""fas fa-arrow-down""></i></a>
                                            </div>
                                            <div class=""andi"" style=""display: none;"">
                                                <a href=""#""> Ẩn đi &nbsp;<i class=""fas fa-arrow-up""></i></a>
                                            </div>
                                        </div>
                                        <div class=""border""></div>
                                    </div>
                                </div>","Nha Trang với khí hậu ôn hòa, biển xanh trong quanh năm cùng những điểm vui chơi bậc nhất và không ngừng đổi mới hằng ngày luôn thu hút du khách gần xa. Đến với Nha Trang, du khách không chỉ tận hưởng những đợt gió biển trong nắng ấm mà còn có dịp thưởng thức hải sản tươi ngon cùng sự chào đón nồng hậu từ những người dân vùng biển nghĩa tình, cho Quý khách trải nghiệm khó quên tại vùng đất này.",4 Ngày
1592239858-154,https://travel.com.vn/du-lich-viet-nam.aspx,Nha Trang - Làng Chài Xưa Mũi Né - Hòn Lao Đảo Khỉ - KDL Galina Lake View - I Resort - Vinpearl Land (Xe. Khách Sạn 4*) - Việt Nam Dưới Cánh Chim Bay,https://travel.com.vn/tourNDSGN6127-103-180620XE-D-H/nha-trang-lang-chai-xua-mui-ne-hon-lao-dao-khi-kdl-galina-lake-view-i-resort-vinpearl-land-xe-khach-san-4sao-viet-nam-duoi-canh-chim-bay.aspx,Nha Trang - Làng Chài Xưa Mũi Né - Hòn Lao Đảo Khỉ - KDL Galina Lake View - I Resort - Vinpearl Land (Xe. Khách Sạn 4*) - Việt Nam Dưới Cánh Chim Bay,3190000,"<div class=""list__item"">
                                    <div class=""list__time"">
                                        <div class=""num"">Ngày 01</div>
                                        <div class=""day"">18-06-2020</div>
                                    </div>
                                    <div class=""list__border""></div>
                                    <div class=""list__desc"">
                                        <h3 class=""font500 name""><img src=""/Content/ThemeHe/img/i-marker.png"" alt=""marker"">&nbsp;&nbsp;&nbsp;TP.HCM – PHAN THIẾT – NHA TRANG  	 Số bữa săn: 03  (Ăn sáng, trưa, tối)</h3>
                                        <div class=""d1 detail"">
                                            
	
		<title></title>
	
	
		<div style=""text-align: justify;"">
			<div>
				Quý khách tập trung tại <a href=""https://www.vietravel.com?utm_source=internalbl&amp;utm_medium=click&amp;utm_campaign=ATLinks"" target=""_blank"">Vietravel</a> (190 Pasteur, Q3, Tp.HCM), xe đưa đoàn khởi hành đi <a href=""https://travel.com.vn/nha-trang/tour-nha-trang.aspx?utm_source=internalbl&amp;utm_medium=click&amp;utm_campaign=ATLinks"" target=""_blank"">Nha Trang</a>. Đến Phan Thiết, đoàn dùng cơm trưa và tham quan:</div>
			<div>
				-<span style=""white-space:pre""> </span><strong>Làng Chài Xưa</strong>: du khách sẽ được đi xuyên vào không gian tương tác tái hiện Làng Chài Xưa Mũi Né với lịch sử 300 năm cái nôi của nghề làm nước mắm, trải nghiệm cảm giác lao động trên đồng muối, đi trên con đường rạng xưa, thăm phố cổ Phan Thiết, vào xóm lò tĩn, thăm nhà lều của hàm hộ nước mắm xưa, đắm chìm cảm xúc trong biển 3D và thích thú khi đi chợ làng chài xưa với bàn tính tay, bàn cân xưa thú vị</div>
			<div>
				Đoàn tiếp tục hành trình đến với thành phố biển Nha Trang. Trên cung đường đi, Quý khách sẽ dừng chân chụp ảnh kỷ niệm tại <strong>Bãi biển Cà Ná</strong> - một trong những bãi biển đẹp nhất miền Trung.</div>
			<div>
				Sau khi ăn tối, đoàn về nhận phòng nghỉ ngơi. Buổi tối, Quý khách tự do dạo chợ đêm Nha Trang, sắm cho mình những món đồ thủ công mỹ nghệ hay tản bộ dọc công viên phố biển về đêm. Nghỉ đêm tại Nha Trang.</div>
		</div>
	


                                        </div>
                                        <div class=""an-hien ah1"">
                                            <div class=""hienra"">
                                                <a href=""#""> Xem thêm &nbsp;<i class=""fas fa-arrow-down""></i></a>
                                            </div>
                                            <div class=""andi"" style=""display: none;"">
                                                <a href=""#""> Ẩn đi &nbsp;<i class=""fas fa-arrow-up""></i></a>
                                            </div>
                                        </div>
                                        <div class=""border""></div>
                                    </div>
                                </div>
                                <div class=""list__item"">
                                    <div class=""list__time"">
                                        <div class=""num"">Ngày 02</div>
                                        <div class=""day"">19-06-2020</div>
                                    </div>
                                    <div class=""list__border""></div>
                                    <div class=""list__desc"">
                                        <h3 class=""font500 name""><img src=""/Content/ThemeHe/img/i-marker.png"" alt=""marker"">&nbsp;&nbsp;&nbsp;NHA TRANG – KHU DU LỊCH GALINA LAKE VIEW        Số bữa ăn: 03 (Ăn sáng, trưa, tối)</h3>
                                        <div class=""d2 detail"">
                                            
	
		<title></title>
	
	
		<div style=""text-align: justify;"">
			<div>
				Sau khi dùng bữa sáng tại khách sạn, Quý khách khởi hành tham quan:</div>
			<div>
				-<span style=""white-space:pre""> </span><strong>Khu <a href=""https://travel.com.vn/?utm_source=internalbl&amp;utm_medium=click&amp;utm_campaign=ATLinks"" target=""_blank"">du lịch</a> Galina Lake View</strong>: với một hành trình 2 điểm đến, đến đây vừa tham quan Khu Di tích Lịch sử: ""Căn cứ Cách Mạng Đồng Bò"" vừa tham quan khung cảnh thơ mộng với con đường đầy hoa, những giàn hoa giấy đỏ, những vườn cây thông hữu tình.&nbsp;</div>
			<div>
				Trở về thành phố, đoàn dùng cơm trưa. Buổi chiều, xe đưa đoàn tham quan:</div>
			<div>
				-<span style=""white-space:pre""> </span><strong>Tháp Bà Ponagar</strong>: công trình tiêu biểu cho nghệ thuật kiến trúc và điêu khắc tín ngưỡng tôn giáo bậc nhất của dân tộc Chăm tại <a href=""https://travel.com.vn/nha-trang/tour-nha-trang.aspx?utm_source=internalbl&amp;utm_medium=click&amp;utm_campaign=ATLinks"" target=""_blank"">Nha Trang</a>.</div>
			<div>
				-<span style=""white-space:pre""> </span><strong>Trung tâm suối khoáng nóng cao cấp I-Resort</strong>: với không gian yên tĩnh, cây cối xanh tươi, I-Resort sẽ hiện ra như một bức tranh thiên nhiên đậm chất Việt, Quý khách sẽ được trải nghiệm mới dịch vụ tắm khoáng thư giãn. Ngoài ra, Quý khách còn có thể tắm bùn khoáng hoặc massage cho làn da thêm tươi trẻ (chi phí tắm bùn tự túc)</div>
			<div>
				Buổi tối, Quý khách có thể tự do trải nghiệm phố biển về đêm hay thưởng thức 1 ly cocktail bên cạnh hồ bơi của khách sạn. Nghỉ đêm tại Nha Trang.</div>
		</div>
	


                                        </div>
                                        <div class=""an-hien ah2"">
                                            <div class=""hienra"">
                                                <a href=""#""> Xem thêm &nbsp;<i class=""fas fa-arrow-down""></i></a>
                                            </div>
                                            <div class=""andi"" style=""display: none;"">
                                                <a href=""#""> Ẩn đi &nbsp;<i class=""fas fa-arrow-up""></i></a>
                                            </div>
                                        </div>
                                        <div class=""border""></div>
                                    </div>
                                </div>
                                <div class=""list__item"">
                                    <div class=""list__time"">
                                        <div class=""num"">Ngày 03</div>
                                        <div class=""day"">20-06-2020</div>
                                    </div>
                                    <div class=""list__border""></div>
                                    <div class=""list__desc"">
                                        <h3 class=""font500 name""><img src=""/Content/ThemeHe/img/i-marker.png"" alt=""marker"">&nbsp;&nbsp;&nbsp;NHA TRANG – THIÊN ĐƯỜNG CỦA BIỂN   Số bữa ăn: 2 (Ăn sáng, ăn trưa)</h3>
                                        <div class=""d3 detail"">
                                            
	
		<title></title>
	
	
		<div style=""text-align: justify;"">
			<div>
				Dùng bữa sáng tại khách sạn, Xe đưa đoàn đi tham quan:&nbsp;</div>
			<div>
				-<span style=""white-space:pre""> </span><strong>KDL <a href=""https://travel.com.vn/nha-trang/tour-hon-lao.aspx?utm_source=internalbl&amp;utm_medium=click&amp;utm_campaign=ATLinks"" target=""_blank"">Hòn Lao</a> - Đảo Khỉ</strong>: nơi có hơn 1000 chú khỉ đang được bảo tồn và sinh sống tự nhiên. Quý khách tự do tắm biển, thư giãn, tham quan xem chương trình biểu diễn xiếc Khỉ, đua chó, khỉ bơi lội hoặc trải nghiệm các môn thể thao trên bãi biển và trò chơi: canô kéo dù, mô tô nước, đua xe công thức 1, bắn súng sơn, cưỡi đà điểu … (chi phí tự túc).&nbsp; Ăn trưa. Sau đó xe đưa đoàn về lại khách sạn tự do nghỉ ngơi.&nbsp;</div>
			<div>
				-<span style=""white-space:pre""> </span>Buổi chiều, Quý khách tự do thuê xe điện khám phá một vòng thành phố <a href=""https://travel.com.vn/nha-trang/tour-nha-trang.aspx?utm_source=internalbl&amp;utm_medium=click&amp;utm_campaign=ATLinks"" target=""_blank"">Nha Trang</a> với những công trình nổi tiếng như: Chùa Long Sơn, Nhà Thờ Đá, ,.., Thưởng thức hải sản tại Phố Tháp Bà hay những nhà hàng dọc đường Trần Phú và thư giãn với massage chân xua tan mệt mỏi,..( chi phí tự túc). HOẶC Quý khách có thể tự do đi tham quan KDL Vinpearl Land: (Giá vé sử dụng sau 17 giờ chiều:&nbsp; +660.000đồng/ người lớn (chiều cao từ 1m4 trở lên); +500.000đồng/ trẻ em (chiều cao từ 1m - dưới 1m4). Về lại khách sạn, tự do nghỉ ngơi.&nbsp; Nghỉ đêm tại Nha Trang&nbsp;&nbsp;</div>
			<div>
				&nbsp;</div>
			<div>
				<em><strong>Ghi chú: Trong trường hợp quý khách lựa chọn đi tham quan KDL Vinpearl Land cả ngày không đi KDL Hòn Lao – Đảo Khỉ và ăn trưa, vui lòng báo ngay khi đăng ký trừ chi phí - 230.000đồng/1khách người lớn, - 165.000đồng/1 khách trẻ em.&nbsp;&nbsp;</strong></em></div>
		</div>
	


                                        </div>
                                        <div class=""an-hien ah3"">
                                            <div class=""hienra"">
                                                <a href=""#""> Xem thêm &nbsp;<i class=""fas fa-arrow-down""></i></a>
                                            </div>
                                            <div class=""andi"" style=""display: none;"">
                                                <a href=""#""> Ẩn đi &nbsp;<i class=""fas fa-arrow-up""></i></a>
                                            </div>
                                        </div>
                                        <div class=""border""></div>
                                    </div>
                                </div>
                                <div class=""list__item"">
                                    <div class=""list__time"">
                                        <div class=""num"">Ngày 04</div>
                                        <div class=""day"">21-06-2020</div>
                                    </div>
                                    <div class=""list__border""></div>
                                    <div class=""list__desc"">
                                        <h3 class=""font500 name""><img src=""/Content/ThemeHe/img/i-marker.png"" alt=""marker"">&nbsp;&nbsp;&nbsp;NHA TRANG – TP.HỒ CHÍ MINH   Số bữa ăn 2 (Ăn sáng, trưa)</h3>
                                        <div class=""d4 detail"">
                                            
	
		<title></title>
	
	
		<div style=""text-align: justify;"">
			Sau khi dùng bữa sáng, đoàn trả phòng và khởi hành về lại TP.HCM. Trên đường đi, đoàn dừng chân tại:</div>
		<div style=""text-align: justify;"">
			-<strong><span style=""white-space:pre""> </span>Organik Farm - Hello Muine</strong>: mua sắm đặc sản Phan Thiết sạch về làm quà cho người thân và bạn bè. Chiều đoàn về đến TP. Hồ Chí Minh, xe đưa về điểm đón ban đầu. Chia tay Quý khách và kết thúc chương trình <a href=""https://travel.com.vn/?utm_source=internalbl&amp;utm_medium=click&amp;utm_campaign=ATLinks"" target=""_blank"">du lịch</a>.</div>
	


                                        </div>
                                        <div class=""an-hien ah4"">
                                            <div class=""hienra"">
                                                <a href=""#""> Xem thêm &nbsp;<i class=""fas fa-arrow-down""></i></a>
                                            </div>
                                            <div class=""andi"" style=""display: none;"">
                                                <a href=""#""> Ẩn đi &nbsp;<i class=""fas fa-arrow-up""></i></a>
                                            </div>
                                        </div>
                                        <div class=""border""></div>
                                    </div>
                                </div>","Nha Trang với khí hậu ôn hòa, biển xanh trong quanh năm cùng những điểm vui chơi bậc nhất và không ngừng đổi mới hằng ngày luôn thu hút du khách gần xa. Đến với Nha Trang, du khách không chỉ tận hưởng những đợt gió biển trong nắng ấm mà còn có dịp thưởng thức hải sản tươi ngon cùng sự chào đón nồng hậu từ những người dân vùng biển nghĩa tình, cho Quý khách trải nghiệm khó quên tại vùng đất này.",4 Ngày
1592239866-157,https://travel.com.vn/du-lich-viet-nam.aspx,Nha Trang - Đà Lạt (Khách sạn 3 sao) - Việt Nam Dưới Cánh Chim Bay,https://travel.com.vn/tourNDSGN525-005-170620XE-D-F/nha-trang-da-lat-khach-san-3-sao-viet-nam-duoi-canh-chim-bay.aspx,Nha Trang - Đà Lạt (Khách sạn 3 sao) - Việt Nam Dưới Cánh Chim Bay,3790000,"<div class=""list__item"">
                                    <div class=""list__time"">
                                        <div class=""num"">Ngày 01</div>
                                        <div class=""day"">17-06-2020</div>
                                    </div>
                                    <div class=""list__border""></div>
                                    <div class=""list__desc"">
                                        <h3 class=""font500 name""><img src=""/Content/ThemeHe/img/i-marker.png"" alt=""marker"">&nbsp;&nbsp;&nbsp;TP. HCM - NHA TRANG                                      Số bữa ăn: 3 bữa (sáng, trưa, chiều)</h3>
                                        <div class=""d1 detail"">
                                            
	
		<title></title>
	
	
		<div style=""text-align: justify;"">
			<div>
				Quý khách tập trung tại <a href=""https://www.vietravel.com?utm_source=internalbl&amp;utm_medium=click&amp;utm_campaign=ATLinks"" target=""_blank"">Vietravel</a> (190 Pasteur, Q3, Tp.HCM), đoàn khởi hành đi <a href=""https://travel.com.vn/nha-trang/tour-nha-trang.aspx?utm_source=internalbl&amp;utm_medium=click&amp;utm_campaign=ATLinks"" target=""_blank"">Nha Trang</a>, trên đường đi dừng tham quan:&nbsp;</div>
			<div>
				-<span style=""white-space:pre""> </span><strong>Bãi biển Cà Ná:</strong> một trong những bãi biển đẹp nhất miền Trung. Từ Cam Ranh xe đưa Quý khách đi theo con đường mới cập sát biển đến thành phố Nha Trang, ngắm cảnh hoàng hôn trên Vịnh Nha Trang.&nbsp;</div>
			<div>
				Nghỉ đêm tại Nha Trang.</div>
		</div>
	


                                        </div>
                                        <div class=""an-hien ah1"">
                                            <div class=""hienra"">
                                                <a href=""#""> Xem thêm &nbsp;<i class=""fas fa-arrow-down""></i></a>
                                            </div>
                                            <div class=""andi"" style=""display: none;"">
                                                <a href=""#""> Ẩn đi &nbsp;<i class=""fas fa-arrow-up""></i></a>
                                            </div>
                                        </div>
                                        <div class=""border""></div>
                                    </div>
                                </div>
                                <div class=""list__item"">
                                    <div class=""list__time"">
                                        <div class=""num"">Ngày 02</div>
                                        <div class=""day"">18-06-2020</div>
                                    </div>
                                    <div class=""list__border""></div>
                                    <div class=""list__desc"">
                                        <h3 class=""font500 name""><img src=""/Content/ThemeHe/img/i-marker.png"" alt=""marker"">&nbsp;&nbsp;&nbsp;NHA TRANG – HÒN LAO - VINPEARL LAND Số bữa ăn: 2 bữa (sáng, trưa, ăn chiều tự túc)</h3>
                                        <div class=""d2 detail"">
                                            
	
		<title></title>
	
	
		<div style=""text-align: justify;"">
			<div>
				Sau khi dùng buffet sáng tại khách sạn, xe đưa đoàn đến Cảng, xuống tàu du ngoạn và tham quan:</div>
			<div>
				<strong>-<span style=""white-space:pre""> </span><a href=""https://travel.com.vn/nha-trang/tour-hon-lao.aspx?utm_source=internalbl&amp;utm_medium=click&amp;utm_campaign=ATLinks"" target=""_blank"">Hòn Lao</a> - Đảo Khỉ:</strong>&nbsp;nơi có hơn 1000 chú khỉ đang được bảo tồn và sinh sống tự nhiên. Quý khách tự do tắm biển, thư giãn, tham quan xem chương trình biểu diễn xiếc Khỉ, đua chó, khỉ bơi lội hoặc trải nghiệm các môn thể thao trên bãi biển và trò chơi: canô kéo dù, mô tô nước, đua xe công thức 1, bắn súng sơn, cưỡi đà điểu … (chi phí tự túc).</div>
			<div>
				<div>
					Về lại khách sạn tự do nghỉ ngơi. Buổi chiều xe đưa đoàn đến:</div>
				<div>
					<strong>- KDL <a href=""https://travel.com.vn/nha-trang/tour-vinpearl-land.aspx?utm_source=internalbl&amp;utm_medium=click&amp;utm_campaign=ATLinks"" target=""_blank"">Vinpearl Land</a> (Chi phí Cáp treo &amp; ăn chiều tự túc): </strong>Quý khách tự do tham quan vui chơi trong khuôn viên với những lâu đài châu Âu tráng lệ, cáp treo hình tháp Eiffel, Đồi Vạn Hoa,.. Dạo bước trong không gian này vào ban ngày, du khách tưởng như mình đang lạc vào một phố cổ nào đó của phương tây. Đêm xuống, cảnh vật trở nên lung linh hơn bao giờ hết bởi đèn trang trí trong các lâu đài, khu vui chơi, tạo nên vẻ đẹp huyền ảo, thần tiên. Tự do Tham gia những trò chơi như tháp rơi tự do Sky Drop, trượt ván Alpine Coaster, tàu lượn cao tốc Roller Coaster, đu dây văng sẽ thích hợp với các bạn yêu thích cảm giác mạnh tạo ra từ các cú xoay, lộn nhào trên không trung, lật nghiêng. Quý khách có thể dạo bước trong thế giới Thuỷ Cung, tại đây có hơn 300 loại sinh vật biển quý hiếm từ nhiều quốc gia khác nhau hội tụ về. Đặc biệt, Thủy Cung Vinpearl Land <a href=""https://travel.com.vn/nha-trang/tour-nha-trang.aspx?utm_source=internalbl&amp;utm_medium=click&amp;utm_campaign=ATLinks"" target=""_blank"">Nha Trang</a> còn mang tới cho du khách một thế giới lung linh sắc màu với các chương trình biểu diễn nghệ thuật độc đáo như biểu diễn Nàng tiên cá – nơi du khách được chiêm ngưỡng các nàng tiên cá xinh đẹp bước ra từ cổ tích, hay chương trình cho cá ăn – với những chàng thợ lặn khỏe khoắn, chơi đùa và chăm sóc các cư dân Thủy Cung. Hoặc tại Lâu đài phim 4D, Quý khách sẽ được thưởng thức công nghệ chiếu phim cực sắc nét cùng hiệu ứng 4D chân thực như đang sống trong thế giới đại dương. Ngoài ra, còn có các chương trình biểu diễn nhạc nước, biểu diễn cá heo, biểu diễn Carnival vô cùng hấp dẫn....&nbsp;</div>
				<div>
					Nghỉ đêm tại Nha Trang.</div>
			</div>
		</div>
	


                                        </div>
                                        <div class=""an-hien ah2"">
                                            <div class=""hienra"">
                                                <a href=""#""> Xem thêm &nbsp;<i class=""fas fa-arrow-down""></i></a>
                                            </div>
                                            <div class=""andi"" style=""display: none;"">
                                                <a href=""#""> Ẩn đi &nbsp;<i class=""fas fa-arrow-up""></i></a>
                                            </div>
                                        </div>
                                        <div class=""border""></div>
                                    </div>
                                </div>
                                <div class=""list__item"">
                                    <div class=""list__time"">
                                        <div class=""num"">Ngày 03</div>
                                        <div class=""day"">19-06-2020</div>
                                    </div>
                                    <div class=""list__border""></div>
                                    <div class=""list__desc"">
                                        <h3 class=""font500 name""><img src=""/Content/ThemeHe/img/i-marker.png"" alt=""marker"">&nbsp;&nbsp;&nbsp;NHA TRANG - ĐÀ LẠT Số bữa ăn: 3 bữa (sáng, trưa, chiều)</h3>
                                        <div class=""d3 detail"">
                                            
	
		<title></title>
	
	
		<div style=""text-align: justify;"">
			<div>
				Buổi sáng, Quý khách tham quan:</div>
			<div>
				-<span style=""white-space:pre""> </span><strong>Trung tâm suối khoáng nóng I-Resort:</strong>&nbsp;Quý khách sẽ được trải nghiệm mới dịch vụ tắm khoáng thư giãn. Ngoài ra, đoàn còn có thể tắm bùn khoáng hoặc massage cho làn da thêm tươi trẻ (chi phí tự túc).</div>
			<div>
				Đoàn khởi hành đi <a href=""https://travel.com.vn/da-lat/tour-da-lat.aspx?utm_source=internalbl&amp;utm_medium=click&amp;utm_campaign=ATLinks"" target=""_blank"">Đà Lạt</a>, Ăn trưa trên đường đi. Đến Đà Lạt, Quý khách tham quan:</div>
			<div>
				<strong>- Fairytale Land &amp; hầm rượu vang Vĩnh Tiến</strong>: đến đây du khách như lạc vào khu vườn cổ tích của những chú lùn Hobbiton, điểm xuyến trong khu vườn là những ngôi nhà độc đáo và đầy sắc màu, những bức vẽ trên tường đầy lôi cuốn và những thảm hoa nhỏ không kém phần quyến rũ. Dạo một vòng quanh khu vườn đừng quên rảo bước vào hầm rượu vang với hơn 10.000 chai đang được lưu trữ dưới hầm.&nbsp;</div>
			<div>
				Buổi tối, Quý khách tự do tản bộ thưởng thức các món ăn đường phố của Đà Lạt trong không khí se lạnh của phố núi. Nghỉ đêm tại Đà Lạt.&nbsp;</div>
		</div>
	


                                        </div>
                                        <div class=""an-hien ah3"">
                                            <div class=""hienra"">
                                                <a href=""#""> Xem thêm &nbsp;<i class=""fas fa-arrow-down""></i></a>
                                            </div>
                                            <div class=""andi"" style=""display: none;"">
                                                <a href=""#""> Ẩn đi &nbsp;<i class=""fas fa-arrow-up""></i></a>
                                            </div>
                                        </div>
                                        <div class=""border""></div>
                                    </div>
                                </div>
                                <div class=""list__item"">
                                    <div class=""list__time"">
                                        <div class=""num"">Ngày 04</div>
                                        <div class=""day"">20-06-2020</div>
                                    </div>
                                    <div class=""list__border""></div>
                                    <div class=""list__desc"">
                                        <h3 class=""font500 name""><img src=""/Content/ThemeHe/img/i-marker.png"" alt=""marker"">&nbsp;&nbsp;&nbsp;ĐÀ LẠT - THÀNH PHỐ NGÀN HOA  Số bữa ăn: 3 bữa (sáng, trưa chiều)</h3>
                                        <div class=""d4 detail"">
                                            
	
		<title></title>
	
	
		<div style=""text-align: justify;"">
			<div>
				Buổi sáng, Quý khách tham quan:</div>
			<div>
				-<span style=""white-space:pre""> </span><strong>Đường Hầm Đất Sét:</strong> các công trình nghệ thuật với những tác phẩm điêu khắc bằng đất nung hoành tráng, ấn tượng được sách Kỷ Lục Việt Nam công nhận như: Ga xe lửa, dinh Bảo Đại, Đại học <a href=""https://travel.com.vn/da-lat/tour-da-lat.aspx?utm_source=internalbl&amp;utm_medium=click&amp;utm_campaign=ATLinks"" target=""_blank"">Đà Lạt</a>, nhà thờ Con Gà, sân bay Liên Khương, đường cao tốc, hồ Tuyền Lâm, thung lũng Tình yêu…). Nổi tiếng là “hồ vô cực” thu hút nhiều du khách đến tham quan hiện nay</div>
			<div>
				-<span style=""white-space:pre""> </span><strong>Thiền Viện Trúc Lâm:</strong> với quần thể công trình kiến trúc độc đáo, du khách còn được ngắm nhìn các vườn hoa xinh đẹp khoe sắc và toàn cảnh Hồ Tuyền Lâm với thiên nhiên, núi đồi, rừng thông Đà Lạt.</div>
			<div>
				-<span style=""white-space:pre""> </span><strong>Cánh đồng hoa Cẩm Tú Cầu:</strong> du khách sẽ như choáng ngợp bởi cánh đồng hoa Cẩm Tú Cầu rộng lớn một màu xanh biếc, nhìn từ xa thảm hoa như trải dài bất tận. Nơi đây thu hút du khách bởi những góc hình ảo diệu và đặc biệt là góc chụp “nấc thang lên thiên đường”.</div>
			<div>
				-<span style=""white-space:pre""> </span><strong>Đồi chè Cầu Đất:</strong> đến đây du khách sẽ cảm nhận sự nhẹ nhàng, bình yên bởi không gian xanh mướt được bao phủ dọc theo các luống chè dường như trải dài bất tận.</div>
			<div>
				Buổi tối, tự do mua sắm tại <strong>chợ đêm Đà Lạt</strong>. Nghỉ đêm tại Đà Lạt.</div>
		</div>
	


                                        </div>
                                        <div class=""an-hien ah4"">
                                            <div class=""hienra"">
                                                <a href=""#""> Xem thêm &nbsp;<i class=""fas fa-arrow-down""></i></a>
                                            </div>
                                            <div class=""andi"" style=""display: none;"">
                                                <a href=""#""> Ẩn đi &nbsp;<i class=""fas fa-arrow-up""></i></a>
                                            </div>
                                        </div>
                                        <div class=""border""></div>
                                    </div>
                                </div>
                                <div class=""list__item"">
                                    <div class=""list__time"">
                                        <div class=""num"">Ngày 05</div>
                                        <div class=""day"">21-06-2020</div>
                                    </div>
                                    <div class=""list__border""></div>
                                    <div class=""list__desc"">
                                        <h3 class=""font500 name""><img src=""/Content/ThemeHe/img/i-marker.png"" alt=""marker"">&nbsp;&nbsp;&nbsp;ĐÀ LẠT - TP. HỒ CHÍ MINH  Số bữa ăn: 2 bữa (sáng, trưa)</h3>
                                        <div class=""d5 detail"">
                                            
	
		<title></title>
	
	
		<div style=""text-align: justify;"">
			<div>
				Sau khi dùng bữa sáng, đoàn khởi hành tham quan khu vườn bonsai tuyệt đẹp:</div>
			<div>
				-<span style=""white-space:pre""> </span><strong>QUE Garden:</strong> nằm dưới chân đèo Mimosa, khu vườn mê mẩn người xem với cánh đồng hoa rộng lớn cùng nhiều loài hoa nổi tiếng tại <a href=""https://travel.com.vn/da-lat/tour-da-lat.aspx?utm_source=internalbl&amp;utm_medium=click&amp;utm_campaign=ATLinks"" target=""_blank"">Đà Lạt</a> khoe sắc. Đặc biệt Quê Garden tự hào là một trong những khu vườn bonsai lá kim lớn nhất Việt Nam, những chậu cây bonsai vừa to vừa đẹp, được chăm sóc và uốn nắn kỹ lưỡng vô cùng đẹp mắt. Ngoài ra, hồ cá koi có hướng nhìn ra đồi thông là điểm đến cực chất mà du khách không thể bỏ qua.</div>
			<div>
				Ăn trưa, xe đưa đoàn về lại điểm đón ban đầu và kết thúc hành trình nhiều trải nghiệm.</div>
		</div>
	


                                        </div>
                                        <div class=""an-hien ah5"">
                                            <div class=""hienra"">
                                                <a href=""#""> Xem thêm &nbsp;<i class=""fas fa-arrow-down""></i></a>
                                            </div>
                                            <div class=""andi"" style=""display: none;"">
                                                <a href=""#""> Ẩn đi &nbsp;<i class=""fas fa-arrow-up""></i></a>
                                            </div>
                                        </div>
                                        <div class=""border""></div>
                                    </div>
                                </div>",,5 Ngày
1592239864-156,https://travel.com.vn/du-lich-viet-nam.aspx,Nha Trang - Galina Lake View - Làng Yến Mai Sinh - Vinpearl Land (Khách Sạn 5* Quinter Central) - Việt Nam Dưới Cánh Chim Bay,https://travel.com.vn/tourNDSGN5055-006-170620VJ-D-F/nha-trang-galina-lake-view-lang-yen-mai-sinh-vinpearl-land-khach-san-5sao-quinter-central-viet-nam-duoi-canh-chim-bay.aspx,Nha Trang - Galina Lake View - Làng Yến Mai Sinh - Vinpearl Land (Khách Sạn 5* Quinter Central) - Việt Nam Dưới Cánh Chim Bay,3190000,"<div class=""list__item"">
                                    <div class=""list__time"">
                                        <div class=""num"">Ngày 01</div>
                                        <div class=""day"">17-06-2020</div>
                                    </div>
                                    <div class=""list__border""></div>
                                    <div class=""list__desc"">
                                        <h3 class=""font500 name""><img src=""/Content/ThemeHe/img/i-marker.png"" alt=""marker"">&nbsp;&nbsp;&nbsp;TP.HCM - NHA TRANG –GALINA LAKE VIEW (Ăn trưa, tối)</h3>
                                        <div class=""d1 detail"">
                                            
	
		<title></title>
	
	
		<div style=""text-align: justify;"">
			Quý khách tập trung tại ga đi Trong Nước Sân bay Tân Sơn Nhất, hướng dẫn viên hỗ trợ làm thủ tục cho đoàn đáp chuyến bay đi Nha Trang. Đến Sân bay Cam Ranh, xe và hướng dẫn viên <a href=""https://www.vietravel.com?utm_source=internalbl&amp;utm_medium=click&amp;utm_campaign=ATLinks"" target=""_blank"">Vietravel</a> đón đoàn đi tham quan:&nbsp;&nbsp;</div>
		<div style=""text-align: justify;"">
			<strong>- Khu <a href=""https://travel.com.vn/?utm_source=internalbl&amp;utm_medium=click&amp;utm_campaign=ATLinks"" target=""_blank"">du lịch</a> Galina Lake View:</strong> với một hành trình 2 điểm đến, đến đây vừa tham quan Khu Di tích Lịch sử: ""Căn cứ Cách Mạng Đồng Bò"" vừa tham quan khung cảnh thơ mộng với con đường đầy hoa, những giàn hoa giấy đỏ, những vườn cây thông hữu tình.</div>
		<div style=""text-align: justify;"">
			Đoàn dùng bữa trưa tại khu du lịch, nhận phòng khách sạn. Buổi chiều, đoàn tham quan:</div>
		<div style=""text-align: justify;"">
			<strong>- Tháp Bà Ponagar: </strong>công trình tiêu biểu cho nghệ thuật kiến trúc và điêu khắc tín ngưỡng tôn giáo bậc nhất của dân tộc Chăm tại Nha Trang.</div>
		<div style=""text-align: justify;"">
			<strong>- Làng Yến Mai Sinh:</strong> tham quan vách yến nhân tạo lớn nhất Việt Nam, tìm hiểu quy trình lấy yến ở độ cao cheo leo hiểm trở và cách thức sơ chế để tạo ra sản phẩm dinh dưỡng cho sức khỏe.</div>
		<div style=""text-align: justify;"">
			Buổi tối, Quý khách có thể tự do trải nghiệm phố biển về đêm hay thưởng thức 1 ly cocktail bên cạnh hồ bơi của khách sạn.&nbsp;</div>
		<div>
			&nbsp;</div>
	


                                        </div>
                                        <div class=""an-hien ah1"">
                                            <div class=""hienra"">
                                                <a href=""#""> Xem thêm &nbsp;<i class=""fas fa-arrow-down""></i></a>
                                            </div>
                                            <div class=""andi"" style=""display: none;"">
                                                <a href=""#""> Ẩn đi &nbsp;<i class=""fas fa-arrow-up""></i></a>
                                            </div>
                                        </div>
                                        <div class=""border""></div>
                                    </div>
                                </div>
                                <div class=""list__item"">
                                    <div class=""list__time"">
                                        <div class=""num"">Ngày 02</div>
                                        <div class=""day"">18-06-2020</div>
                                    </div>
                                    <div class=""list__border""></div>
                                    <div class=""list__desc"">
                                        <h3 class=""font500 name""><img src=""/Content/ThemeHe/img/i-marker.png"" alt=""marker"">&nbsp;&nbsp;&nbsp;NHA TRANG  – VINPEARL LAND  CẢ NGÀY                  (Ăn sáng, tự túc ăn trưa và tối)</h3>
                                        <div class=""d2 detail"">
                                            
	
		<title></title>
	
	
		<div style=""text-align: justify;"">
			Sau khi dùng bữa sáng tại khách sạn, Quý khách có thể tự do khám phá những công trình nổi tiếng của Nha Trang như Chùa Long Sơn, Nhà Thờ Đá, đi chợ hoặc mua vé tham quan:</div>
		<div style=""text-align: justify;"">
			<strong>- Thế Giới Vui Chơi Giải Trí <a href=""https://travel.com.vn/nha-trang/tour-vinpearl-land.aspx?utm_source=internalbl&amp;utm_medium=click&amp;utm_campaign=ATLinks"" target=""_blank"">Vinpearl Land</a></strong> - Ngắm toàn cảnh Vịnh Nha Trang từ đỉnh vòng xoay mặt trời lớn nhất Việt Nam, tham quan bộ sưu tập “kỳ hoa, dị thảo” tại đồi Vạn Hoa, khu vườn thú mở - vườn Quý Vương, tham gia các trò chơi tương tác và liên hoàn tại Quảng trường Thần Thoại hay Vùng đất yêu thương, xem phim 4D tại lâu đài Đại Dương, khám phá khu trò chơi cảm giác mạnh, khu trò chơi trong nhà hay tắm biển, tắm hồ bơi lớn nhất Đông Nam Á… và thưởng thức chương trình biểu diễn Nhạc Nước hiện đại. Đoàn dùng bữa trưa tự do hoặc dùng buffet tại Vinpearl và tiếp tục tham gia các hoạt động buổi chiều tại Vinpearl.</div>
		<div style=""text-align: justify;"">
			&nbsp;</div>
		<div style=""text-align: justify;"">
			Buổi tối, Quý khách có thể tự do thưởng thức hải sản tại Phố Tháp Bà hay những nhà hàng dọc đường Trần Phú và thư giãn với massage chân xua tan mệt mỏi.</div>
		<div>
			&nbsp;</div>
	


                                        </div>
                                        <div class=""an-hien ah2"">
                                            <div class=""hienra"">
                                                <a href=""#""> Xem thêm &nbsp;<i class=""fas fa-arrow-down""></i></a>
                                            </div>
                                            <div class=""andi"" style=""display: none;"">
                                                <a href=""#""> Ẩn đi &nbsp;<i class=""fas fa-arrow-up""></i></a>
                                            </div>
                                        </div>
                                        <div class=""border""></div>
                                    </div>
                                </div>
                                <div class=""list__item"">
                                    <div class=""list__time"">
                                        <div class=""num"">Ngày 03</div>
                                        <div class=""day"">19-06-2020</div>
                                    </div>
                                    <div class=""list__border""></div>
                                    <div class=""list__desc"">
                                        <h3 class=""font500 name""><img src=""/Content/ThemeHe/img/i-marker.png"" alt=""marker"">&nbsp;&nbsp;&nbsp;NHA TRANG – NHŨ TIÊN – BẢO TÀNG GIẠC MA - TP.HCM (Ăn sáng, trưa)</h3>
                                        <div class=""d3 detail"">
                                            
	
		<title></title>
	
	
		<div style=""text-align: justify;"">
			Sau khi dùng bữa sáng, đoàn khởi hành tham quan:</div>
		<div style=""text-align: justify;"">
			<strong>- Khu <a href=""https://travel.com.vn/?utm_source=internalbl&amp;utm_medium=click&amp;utm_campaign=ATLinks"" target=""_blank"">du lịch</a> biển Nhũ Tiên</strong>: Lưu dấu chân trên bờ cát dài trắng mịn cùng làn nước trong xanh, với đồi núi trùng điệp thu gọn trong tầm mắt luôn là trải nghiệm tuyệt vời.</div>
		<div style=""text-align: justify;"">
			<strong>- Bảo tàng Gạc Ma:</strong> được biết đến như một “địa chỉ đỏ” giáo dục chủ quyền biển đảo cho thế hệ trẻ, nổi bật với tương đài chiến sĩ mang chủ đề “Những người nằm lại phía chân trời” cùng các công trình điêu khắc nghệ thuật sinh động, ấn tượng sẽ cho du khách những thông tin lịch sử quý báu cùng lòng yêu nước nồng nàn.</div>
		<div style=""text-align: justify;"">
			&nbsp;Đoàn dùng cơm trưa, trả phòng và khởi hành ra sân bay Cam Ranh, làm thủ tục bay về lại TP.HCM, Đến sân bay Tân Sơn Nhất, chia tay và kết thúc hành trình nhiều trải nghiệm.</div>
		<div>
			&nbsp;</div>
	


                                        </div>
                                        <div class=""an-hien ah3"">
                                            <div class=""hienra"">
                                                <a href=""#""> Xem thêm &nbsp;<i class=""fas fa-arrow-down""></i></a>
                                            </div>
                                            <div class=""andi"" style=""display: none;"">
                                                <a href=""#""> Ẩn đi &nbsp;<i class=""fas fa-arrow-up""></i></a>
                                            </div>
                                        </div>
                                        <div class=""border""></div>
                                    </div>
                                </div>","Nha Trang với khí hậu ôn hòa, biển xanh trong quanh năm cùng những điểm vui chơi bậc nhất và không ngừng đổi mới hằng ngày luôn thu hút du khách gần xa. Đến với Nha Trang, du khách không chỉ tận hưởng những đợt gió biển trong nắng ấm mà còn có dịp thưởng thức hải sản tươi ngon cùng sự chào đón nồng hậu từ những người dân vùng biển nghĩa tình, cho Quý khách trải nghiệm khó quên tại vùng đất này.",3 Ngày
1592239852-152,https://travel.com.vn/du-lich-viet-nam.aspx,Miền Tây - Tiền Giang - Cần Thơ - Sóc Trăng - Bạc Liêu - Cà Mau - Đất Mũi (khách sạn tương đương 4*& 5*) - Việt Nam Dưới Cánh Chim Bay,https://travel.com.vn/tourNDSGN844-158-180620XE-D/mien-tay-tien-giang-can-tho-soc-trang-bac-lieu-ca-mau-dat-mui-khach-san-tuong-duong-4sao-5sao-viet-nam-duoi-canh-chim-bay.aspx,Miền Tây - Tiền Giang - Cần Thơ - Sóc Trăng - Bạc Liêu - Cà Mau - Đất Mũi (khách sạn tương đương 4*& 5*) - Việt Nam Dưới Cánh Chim Bay,3690000,"<div class=""list__item"">
                                    <div class=""list__time"">
                                        <div class=""num"">Ngày 01</div>
                                        <div class=""day"">18-06-2020</div>
                                    </div>
                                    <div class=""list__border""></div>
                                    <div class=""list__desc"">
                                        <h3 class=""font500 name""><img src=""/Content/ThemeHe/img/i-marker.png"" alt=""marker"">&nbsp;&nbsp;&nbsp;TP. HCM - TRẢI NGHIỆM CÙNG NGƯỜI DÂN TRÊN CÙ LAO TÂN PHONG - CẦN THƠ: Số bữa ăn: 3 bữa (sáng, trưa, tối)</h3>
                                        <div class=""d1 detail"">
                                            
	
		<title></title>
	
	
		<div style=""text-align: justify;"">
			<div>
				Quý khách tập trung tại <a href=""https://www.vietravel.com?utm_source=internalbl&amp;utm_medium=click&amp;utm_campaign=ATLinks"" target=""_blank"">Vietravel</a> 190 Pasteur, quận 3, TP. HCM khởi hành đi miền Tây theo tuyến cao tốc Trung Lương ngắm nhìn những cánh đồng lúa hai bên đường.</div>
			<div>
				Ăn sáng dọc đường đi, đoàn ghé xưởng “<strong>Ông già Sôcôla Việt Nam</strong>”: tìm hiểu về quy trình sản xuất thủ công Sôcôla với kỹ thuật và truyền thống làm SôcôLa của Châu Âu; dùng thử Sôcôla tại xưởng.</div>
			<div>
				Đến bến tàu <a href=""https://travel.com.vn/?utm_source=internalbl&amp;utm_medium=click&amp;utm_campaign=ATLinks"" target=""_blank"">du lịch</a> <a href=""https://travel.com.vn/tien-giang/tour-cai-be.aspx?utm_source=internalbl&amp;utm_medium=click&amp;utm_campaign=ATLinks"" target=""_blank"">Cái Bè</a>, Quý khách lên tàu khám phá dòng sông Tiền đỏ nặng phù sa, tham quan:</div>
			<div>
				-<span style=""white-space:pre""> </span><strong>Chợ nổi Cái Bè: </strong>nét văn hoá tiêu biểu của người dân vùng Đồng Bằng Sông Cửu Long. Quý khách trải nghiệm mua trái cây trên chợ nổi và thưởng thức trái cây và giải nhiệt cùng nước dừa tươi nguyên chất ngay trên thuyền.</div>
			<div>
				-<span style=""white-space:pre""> </span><strong>Làng nghề thủ công truyền thống của địa phương:</strong> lò cốm, lò bánh tráng, lò kẹo dừa, thưởng thức bánh mứt đặc sản tại địa phương và tự do chọn cho bản thân và gia đình những món quà thú vị (chi phí tự túc)</div>
			<div>
				Thuyền đưa quý khách tham quan hệ thống <strong>Làng cổ Đông Hòa Hiệp</strong> do Tổng cục Du lịch Việt Nam cùng Tổ chức Hợp tác Quốc tế Nhật Bản (JICA) chung tay phát triển du lịch cộng đồng:</div>
			<div>
				-<span style=""white-space:pre""> </span>Quý khách được dịp tản bộ trên những con đường làng yên bình nằm len lỏi dưới những vườn cây ăn trái, tận hưởng không khí trong lành và chiêm ngưỡng vẻ đẹp tinh tế của nhà cổ Ba Đức hoặc nhà cổ Anh Kiệt: một trong những ngôi nhà cổ kính và đẹp nhất tại địa phương.</div>
			<div>
				Đến cù lao Tân Phong, đoàn ăn trưa tại Nhà hàng du lịch sinh thái vườn Mê Kông rộng gần 3.000 m2 trải dài theo bờ sông Tiền tuyệt đẹp, thưởng thức các món ăn dân dã miền sông nước: cá lóc đồng nướng, ốc hấp tiêu, tôm hấp nước dừa, lẩu cua đồng…&nbsp;</div>
			<div>
				-<span style=""white-space:pre""> </span>Xuống xuồng chèo len lỏi vào trong rạch nhỏ: dưới những tàn cây xanh mát, tận hưởng không khí trong lành, mát mẻ và ngắm nhìn khung cảnh yên bình của làng quê Nam bộ.&nbsp;</div>
			<div>
				-<span style=""white-space:pre""> </span>Tham quan <strong>vườn cây ăn trái cây</strong> rợp bóng mát (tùy theo mùa vụ): Chôm chôm, ổi, mận, nhãn, sầu riêng…&nbsp; Thưởng thức trái cây tươi và giao lưu đàn ca tài tử Nam Bộ.</div>
			<div>
				-<span style=""white-space:pre""> </span>Thăm <strong>Trang trại nuôi ong mật, trại trồng nấm Linh Chi</strong>, ngắm vườn hoa kiểng khoe sắc, trải nghiệm kéo vó cá, đi cầu khỉ Nam Bộ và hiểu thêm về công việc hằng ngày của thế giới các loài ong. Đặc biệt khách còn được thưởng thức trà mật ong tươi ngay tại trang trại và nghe giới thiệu về qui trình nuôi ong lấy mật.</div>
			<div>
				Trở lại thuyền lớn, về bến tàu du lịch Cái Bè, đoàn tiếp tục di chuyển đến <a href=""https://travel.com.vn/can-tho/tour-can-tho.aspx?utm_source=internalbl&amp;utm_medium=click&amp;utm_campaign=ATLinks"" target=""_blank"">Cần Thơ</a> .</div>
			<div>
				Sau khi ăn tối, Quý khách tự do dạo khám phá “Tây Đô” lung linh sắc màu, ngắm cảnh cầu Cần Thơ về đêm; check-in cầu Tình Yêu: thiết kế uốn lượn hình chữ S cùng hai đài sen và hệ thống đèn led rực rỡ sắc màu…</div>
			<div>
				Nghỉ đêm tại Cần Thơ.</div>
		</div>
	


                                        </div>
                                        <div class=""an-hien ah1"">
                                            <div class=""hienra"">
                                                <a href=""#""> Xem thêm &nbsp;<i class=""fas fa-arrow-down""></i></a>
                                            </div>
                                            <div class=""andi"" style=""display: none;"">
                                                <a href=""#""> Ẩn đi &nbsp;<i class=""fas fa-arrow-up""></i></a>
                                            </div>
                                        </div>
                                        <div class=""border""></div>
                                    </div>
                                </div>
                                <div class=""list__item"">
                                    <div class=""list__time"">
                                        <div class=""num"">Ngày 02</div>
                                        <div class=""day"">19-06-2020</div>
                                    </div>
                                    <div class=""list__border""></div>
                                    <div class=""list__desc"">
                                        <h3 class=""font500 name""><img src=""/Content/ThemeHe/img/i-marker.png"" alt=""marker"">&nbsp;&nbsp;&nbsp;CẦN THƠ - CHỢ NỔI CÁI RĂNG - SÓC TRĂNG - BẠC LIÊU - CÀ MAU: Số bữa ăn: 3 bữa (sáng, trưa, tối)</h3>
                                        <div class=""d2 detail"">
                                            
	
		<title></title>
	
	
		<div style=""text-align: justify;"">
			<div>
				Tham quan <strong>Bến Ninh Kiều</strong> vào buổi sớm, đoàn xuống thuyền du ngoạn trên sông <a href=""https://travel.com.vn/can-tho/tour-can-tho.aspx?utm_source=internalbl&amp;utm_medium=click&amp;utm_campaign=ATLinks"" target=""_blank"">Cần Thơ</a>, trải nghiệm <strong><a href=""https://travel.com.vn/can-tho/tour-cho-noi-cai-rang.aspx?utm_source=internalbl&amp;utm_medium=click&amp;utm_campaign=ATLinks"" target=""_blank"">Chợ nổi Cái Răng</a></strong> - nơi quy tụ hàng trăm ghe xuồng tạo thành nơi mua bán, giao thương các loại trái cây, đặc sản sầm uất trên sông nước. Chợ Nổi Cái Răng đã được công nhận Di Sản Văn Hóa Phi Vật Thể Quốc Gia.</div>
			<div>
				Trả phòng khách sạn, đoàn khởi hành đi <a href=""https://travel.com.vn/soc-trang/tour-soc-trang.aspx?utm_source=internalbl&amp;utm_medium=click&amp;utm_campaign=ATLinks"" target=""_blank"">Sóc Trăng</a> tham quan <strong>Chùa Mã Tộc (<a href=""https://travel.com.vn/soc-trang/tour-chua-doi.aspx?utm_source=internalbl&amp;utm_medium=click&amp;utm_campaign=ATLinks"" target=""_blank"">Chùa Dơi</a>)</strong>: được xây dựng cách đây hơn 400 năm và là nơi trú ẩn của hàng ngàn những con dơi lớn nhỏ.&nbsp;</div>
			<div>
				Tiếp tục hành trình đến <a href=""https://travel.com.vn/bac-lieu/tour-bac-lieu.aspx?utm_source=internalbl&amp;utm_medium=click&amp;utm_campaign=ATLinks"" target=""_blank"">Bạc Liêu</a>, Quý khách tham quan:</div>
			<div>
				-<span style=""white-space:pre""> </span><strong>Nhà công tử Bạc Liêu</strong>: do kỹ sư người Pháp thiết kế vào năm 1919, đây được xem là ngôi biệt thự bề thế nhất ở Nam kỳ lục tỉnh lúc bấy giờ. Đoàn nghe kể về giai thoại vàng son một thời của cậu Ba Huy - người được mệnh danh là “Công tử Bạc Liêu”.</div>
			<div>
				-<strong><span style=""white-space:pre""> </span>Khu lưu niệm nghệ thuật Đờn Ca Tài Tử Nam Bộ và cố nhạc sĩ Cao Văn Lầu:</strong> một công trình khái quát về thân thế, sự nghiệp của cố nhạc sĩ Cao Văn lầu, ghi nhận công lao và tôn vinh những đóng góp to lớn của ông cho nghệ thuật Đờn ca tài tử Nam bộ và là người sản sinh ra bản Dạ cổ Hoài lang bất hủ.</div>
			<div>
				-<span style=""white-space:pre""> </span><strong>Nhà thờ Tắc Sậy:</strong> nơi đây gắn liền với những câu chuyện cảm động về cuộc đời của cha Trương Bửu Diệp.</div>
			<div>
				Đến <a href=""https://travel.com.vn/ca-mau/tour-ca-mau.aspx?utm_source=internalbl&amp;utm_medium=click&amp;utm_campaign=ATLinks"" target=""_blank"">Cà Mau</a> nhận phòng và nghỉ ngơi. Buổi tối, Quý khách tự do tản bộ dạo chợ đêm khám phá ẩm thực vùng đất Phương Nam bên trong chợ đêm Cà Mau.</div>
			<div>
				Nghỉ đêm tại Cà Mau.</div>
		</div>
	


                                        </div>
                                        <div class=""an-hien ah2"">
                                            <div class=""hienra"">
                                                <a href=""#""> Xem thêm &nbsp;<i class=""fas fa-arrow-down""></i></a>
                                            </div>
                                            <div class=""andi"" style=""display: none;"">
                                                <a href=""#""> Ẩn đi &nbsp;<i class=""fas fa-arrow-up""></i></a>
                                            </div>
                                        </div>
                                        <div class=""border""></div>
                                    </div>
                                </div>
                                <div class=""list__item"">
                                    <div class=""list__time"">
                                        <div class=""num"">Ngày 03</div>
                                        <div class=""day"">20-06-2020</div>
                                    </div>
                                    <div class=""list__border""></div>
                                    <div class=""list__desc"">
                                        <h3 class=""font500 name""><img src=""/Content/ThemeHe/img/i-marker.png"" alt=""marker"">&nbsp;&nbsp;&nbsp;CÀ MAU - ĐẤT MŨI - BẠC LIÊU - NGẮM HOÀNG HÔN CÁNH ĐỒNG ĐIỆN GIÓ LỚN NHẤT VIỆT NAM Số bữa ăn: 3 bữa (sáng, trưa, tối)</h3>
                                        <div class=""d3 detail"">
                                            
	
		<title></title>
	
	
		<div style=""text-align: justify;"">
			<div>
				Sau khi trả phòng và ăn sáng, xe đưa đoàn đi Đất Mũi.</div>
			<div>
				-<span style=""white-space:pre""> </span>Đến Đất Mũi, đoàn tham quan <strong>Công viên Văn Hóa Mũi <a href=""https://travel.com.vn/ca-mau/tour-ca-mau.aspx?utm_source=internalbl&amp;utm_medium=click&amp;utm_campaign=ATLinks"" target=""_blank"">Cà Mau</a></strong> - tọa lạc trong khu dự trữ sinh quyển thế giới Mũi Cà Mau được UNESCO công nhận vào tháng 5/2009. Tại đây, Quý khách khám phá Cột mốc tọa độ quốc gia GPS 0001; <strong>Biểu tượng Mũi tàu Cà Mau; Biểu tượng điểm cuối đường Hồ Chí Minh; </strong>Chinh phục<strong> Cột cờ Đất Mũi</strong> - mô phỏng theo kiến trúc Cột cờ Hà Nội, khẳng định chủ quyền lãnh thổ dân tộc, gắn bó Bắc Nam một nhà. Từ trên kỳ đài cao hơn 41 m, du khách có thể thưởng ngoạn bãi bồi đất mũi, vẻ đẹp hùng vĩ của rừng đước bạt ngàn và biển đông mênh mông (đón khách vào ngày 11.12.2019)</div>
			<div>
				Sau khi ăn trưa tại Đất Mũi, đoàn khởi hành về <a href=""https://travel.com.vn/bac-lieu/tour-bac-lieu.aspx?utm_source=internalbl&amp;utm_medium=click&amp;utm_campaign=ATLinks"" target=""_blank"">Bạc Liêu</a> tham quan:</div>
			<div>
				-<span style=""white-space:pre""> </span><strong>Chùa Xiêm Cán:</strong> với sắc vàng lộng lẫy cùng thiết kế nhiều hoa văn tỉ mỉ mang đậm dấu ấn Khmer Nam Bộ. Ngoài ra Quý khách còn được nghe thuyết pháp giới thiệu về phật giáo Nam Tông và nét đẹp văn hóa kiến trúc Khmer.&nbsp;</div>
			<div>
				-<span style=""white-space:pre""> </span><strong>Cánh Đồng Điện Gió: </strong>chiêm ngưỡng vẻ đẹp những tua-bin gió khổng lồ cao hơn 80 m sừng sững trên nền trời xanh với ý nghĩa tạo một nguồn năng lượng sạch vô tận trên mặt biển, giảm thiểu tác động gây hiệu ứng nhà kính… Vào những ngày thời tiết đẹp, Quý khách có thể bắt trọn khoảnh khắc hoàng hôn đẹp nao lòng khiến du khách như lạc giữa trời Âu.&nbsp;</div>
			<div>
				Sau khi ăn tối, xe đưa Quý khách chụp hình lưu niệm tại <strong>Quảng Trường Hùng Vương</strong>: hình ảnh cây đàn kìm cách điệu (cao 18,6 m) nhạc cụ không thể thiếu trong đờn ca tài tử cải lương, biểu tượng văn hóa của tỉnh Bạc Liêu.&nbsp;</div>
			<div>
				Nghỉ đêm tại Bạc Liêu.</div>
		</div>
	


                                        </div>
                                        <div class=""an-hien ah3"">
                                            <div class=""hienra"">
                                                <a href=""#""> Xem thêm &nbsp;<i class=""fas fa-arrow-down""></i></a>
                                            </div>
                                            <div class=""andi"" style=""display: none;"">
                                                <a href=""#""> Ẩn đi &nbsp;<i class=""fas fa-arrow-up""></i></a>
                                            </div>
                                        </div>
                                        <div class=""border""></div>
                                    </div>
                                </div>
                                <div class=""list__item"">
                                    <div class=""list__time"">
                                        <div class=""num"">Ngày 04</div>
                                        <div class=""day"">21-06-2020</div>
                                    </div>
                                    <div class=""list__border""></div>
                                    <div class=""list__desc"">
                                        <h3 class=""font500 name""><img src=""/Content/ThemeHe/img/i-marker.png"" alt=""marker"">&nbsp;&nbsp;&nbsp;BẠC LIÊU - ĐỒNG HỒ ĐÁ DUY NHẤT VIỆT NAM -  TP. HCM Số bữa ăn: 2 bữa (sáng, trưa)</h3>
                                        <div class=""d4 detail"">
                                            
	
		<title></title>
	
	
		<div style=""text-align: justify;"">
			<div>
				Ăn sáng, trả phòng khách sạn tham quan:</div>
			<div>
				-<span style=""white-space:pre""> </span><strong>Đồng Hồ Đá Thái Dương</strong>: do nhà bác vật Lưu Văn Lang xây dựng vào thế kỷ XX, đây là chiếc đồng hồ đá cổ “độc nhất vô nhị” ở Việt Nam và thứ 2 trên thế giới. Sau hơn 100 năm, đồng hồ vẫn hoạt động tốt bằng cách căn cứ vào ánh sáng mặt trời chiếu thẳng vào đá chia thành 2 mảng sáng - tối rõ rệt. Đặc biệt, độ sai lệch đồng hồ đá so với đồng hồ thông thường hiện nay chỉ từ 5 - 7 phút.</div>
			<div>
				-<span style=""white-space:pre""> </span><strong>Quan Âm Phật Đài</strong> (hay còn gọi là Mẹ Nam Hải): công trình có giá trị về văn hóa tâm linh nổi tiếng nhất của <a href=""https://travel.com.vn/bac-lieu/tour-bac-lieu.aspx?utm_source=internalbl&amp;utm_medium=click&amp;utm_campaign=ATLinks"" target=""_blank"">Bạc Liêu</a>, du khách cầu may mắn và tận hưởng giá trị bình yên mà nơi đây mang lại.</div>
			<div>
				Đến <a href=""https://travel.com.vn/can-tho/tour-can-tho.aspx?utm_source=internalbl&amp;utm_medium=click&amp;utm_campaign=ATLinks"" target=""_blank"">Cần Thơ</a>, đoàn tham quan <strong>Khu Du Lịch Mỹ Khánh</strong>: điểm <a href=""https://travel.com.vn/?utm_source=internalbl&amp;utm_medium=click&amp;utm_campaign=ATLinks"" target=""_blank"">du lịch</a> sinh thái hấp dẫn với các trò chơi dân gian vui nhộn như câu cá, chèo thuyền trên sông, đua heo… và tham quan Nhà Cổ.&nbsp;</div>
			<div>
				Ăn trưa tại Cần thơ. Khởi hành về thành phố Hồ Chí Minh, xe đưa Quý khách về điểm đón ban đầu, kết thúc chương trình du lịch.</div>
		</div>
	


                                        </div>
                                        <div class=""an-hien ah4"">
                                            <div class=""hienra"">
                                                <a href=""#""> Xem thêm &nbsp;<i class=""fas fa-arrow-down""></i></a>
                                            </div>
                                            <div class=""andi"" style=""display: none;"">
                                                <a href=""#""> Ẩn đi &nbsp;<i class=""fas fa-arrow-up""></i></a>
                                            </div>
                                        </div>
                                        <div class=""border""></div>
                                    </div>
                                </div>","ĐIỂM NHẤN:
- Những nẻo đường phù sa tuy thân quen nhưng cũng nhiều mới lạ bởi hành trình sẽ đưa du khách thưởng lãm tinh hoa âm nhạc dân tộc thông qua các tiết mục biểu diễn Nghệ thuật Đờn ca tài tử đã được UNESCO công nhận là di sản văn hóa phi vật thể.
- Du khách đắm mình trong bản Dạ cổ Hoài Lang và được tìm hiểu về thân thế, sự nghiệp của cố nhạc sĩ Cao Văn Lầu tại Khu lưu niệm nghệ thuật Đờn Ca Tài Tử Nam bộ
- Hành trình về với miền đất phù sa còn đưa du khách khám phá làng cổ Đông Hòa Hiệp. Du khách sẽ đi xuồng chèo cảm nhận nét đẹp yên bình của miền quê Nam bộ, ghé thăm vườn trái cây, thưởng thức sản vật trù phú.
- Ngoài ra, hành trình cũng giúp du khách hiểu rõ hơn về văn hóa, phong tục của người miền Tây Nam bộ khi khám phá chợ nổi Cái Răng, trực tiếp trải nghiệm nét văn hóa độc đáo trên sông nước thơ mộng. 
- Hiểu hơn về văn hóa người dân Khmer, kiến trúc xây dựng chùa khi tham quan Chùa Mã Tộc (Chùa Dơi), ngôi chùa được xây dựng cách đây hơn 400 năm và là nơi trú ẩn của hàng ngàn những con dơi lớn nhỏ.
- Đặc biệt, hành trình sẽ đưa du khách đến với điểm cực Nam của Tổ Quốc. Tại đây, Quý khách thưởng ngoạn vẻ đẹp hùng vĩ của rừng đước bạt ngàn và màu xanh của biển trời mênh mông, tiếp tục tham quan Mốc tọa độ quốc gia, Mũi tàu và cột mốc Đường Hồ Chí Minh - điểm cuối Cà Mau Km2436 - Cột cờ Thủ đô (Cột cờ Hà Nội).",4 Ngày
1592239855-153,https://travel.com.vn/du-lich-viet-nam.aspx,Nha Trang - Làng Chài Xưa Mũi Né - Hòn Lao Đảo Khỉ - KDL Galina Lake View - I Resort - Vinpearl Land (Xe. Khách Sạn 3*) - Việt Nam Dưới Cánh Chim Bay,https://travel.com.vn/tourNDSGN6127-103-180620XE-V-H-1/nha-trang-lang-chai-xua-mui-ne-hon-lao-dao-khi-kdl-galina-lake-view-i-resort-vinpearl-land-xe-khach-san-3sao-viet-nam-duoi-canh-chim-bay.aspx,Nha Trang - Làng Chài Xưa Mũi Né - Hòn Lao Đảo Khỉ - KDL Galina Lake View - I Resort - Vinpearl Land (Xe. Khách Sạn 3*) - Việt Nam Dưới Cánh Chim Bay,2790000,"<div class=""list__item"">
                                    <div class=""list__time"">
                                        <div class=""num"">Ngày 01</div>
                                        <div class=""day"">18-06-2020</div>
                                    </div>
                                    <div class=""list__border""></div>
                                    <div class=""list__desc"">
                                        <h3 class=""font500 name""><img src=""/Content/ThemeHe/img/i-marker.png"" alt=""marker"">&nbsp;&nbsp;&nbsp;TP.HCM – PHAN THIẾT – NHA TRANG  	 Số bữa săn: 03  (Ăn sáng, trưa, tối)</h3>
                                        <div class=""d1 detail"">
                                            
	
		<title></title>
	
	
		<div style=""text-align: justify;"">
			<div>
				Quý khách tập trung tại <a href=""https://www.vietravel.com?utm_source=internalbl&amp;utm_medium=click&amp;utm_campaign=ATLinks"" target=""_blank"">Vietravel</a> (190 Pasteur, Q3, Tp.HCM), xe đưa đoàn khởi hành đi <a href=""https://travel.com.vn/nha-trang/tour-nha-trang.aspx?utm_source=internalbl&amp;utm_medium=click&amp;utm_campaign=ATLinks"" target=""_blank"">Nha Trang</a>. Đến Phan Thiết, đoàn dùng cơm trưa và tham quan:</div>
			<div>
				-<span style=""white-space:pre""> </span><strong>Làng Chài Xưa</strong>: du khách sẽ được đi xuyên vào không gian tương tác tái hiện Làng Chài Xưa Mũi Né với lịch sử 300 năm cái nôi của nghề làm nước mắm, trải nghiệm cảm giác lao động trên đồng muối, đi trên con đường rạng xưa, thăm phố cổ Phan Thiết, vào xóm lò tĩn, thăm nhà lều của hàm hộ nước mắm xưa, đắm chìm cảm xúc trong biển 3D và thích thú khi đi chợ làng chài xưa với bàn tính tay, bàn cân xưa thú vị</div>
			<div>
				Đoàn tiếp tục hành trình đến với thành phố biển Nha Trang. Trên cung đường đi, Quý khách sẽ dừng chân chụp ảnh kỷ niệm tại <strong>Bãi biển Cà Ná</strong> - một trong những bãi biển đẹp nhất miền Trung.</div>
			<div>
				Sau khi ăn tối, đoàn về nhận phòng nghỉ ngơi. Buổi tối, Quý khách tự do dạo chợ đêm Nha Trang, sắm cho mình những món đồ thủ công mỹ nghệ hay tản bộ dọc công viên phố biển về đêm. Nghỉ đêm tại Nha Trang.</div>
		</div>
	


                                        </div>
                                        <div class=""an-hien ah1"">
                                            <div class=""hienra"">
                                                <a href=""#""> Xem thêm &nbsp;<i class=""fas fa-arrow-down""></i></a>
                                            </div>
                                            <div class=""andi"" style=""display: none;"">
                                                <a href=""#""> Ẩn đi &nbsp;<i class=""fas fa-arrow-up""></i></a>
                                            </div>
                                        </div>
                                        <div class=""border""></div>
                                    </div>
                                </div>
                                <div class=""list__item"">
                                    <div class=""list__time"">
                                        <div class=""num"">Ngày 02</div>
                                        <div class=""day"">19-06-2020</div>
                                    </div>
                                    <div class=""list__border""></div>
                                    <div class=""list__desc"">
                                        <h3 class=""font500 name""><img src=""/Content/ThemeHe/img/i-marker.png"" alt=""marker"">&nbsp;&nbsp;&nbsp;NHA TRANG – KHU DU LỊCH GALINA LAKE VIEW        Số bữa ăn: 03 (Ăn sáng, trưa, tối)</h3>
                                        <div class=""d2 detail"">
                                            
	
		<title></title>
	
	
		<div style=""text-align: justify;"">
			<div>
				Sau khi dùng bữa sáng tại khách sạn, Quý khách khởi hành tham quan:</div>
			<div>
				-<span style=""white-space:pre""> </span><strong>Khu <a href=""https://travel.com.vn/?utm_source=internalbl&amp;utm_medium=click&amp;utm_campaign=ATLinks"" target=""_blank"">du lịch</a> Galina Lake View</strong>: với một hành trình 2 điểm đến, đến đây vừa tham quan Khu Di tích Lịch sử: ""Căn cứ Cách Mạng Đồng Bò"" vừa tham quan khung cảnh thơ mộng với con đường đầy hoa, những giàn hoa giấy đỏ, những vườn cây thông hữu tình.&nbsp;</div>
			<div>
				Trở về thành phố, đoàn dùng cơm trưa. Buổi chiều, xe đưa đoàn tham quan:</div>
			<div>
				-<span style=""white-space:pre""> </span><strong>Tháp Bà Ponagar</strong>: công trình tiêu biểu cho nghệ thuật kiến trúc và điêu khắc tín ngưỡng tôn giáo bậc nhất của dân tộc Chăm tại <a href=""https://travel.com.vn/nha-trang/tour-nha-trang.aspx?utm_source=internalbl&amp;utm_medium=click&amp;utm_campaign=ATLinks"" target=""_blank"">Nha Trang</a>.</div>
			<div>
				-<span style=""white-space:pre""> </span><strong>Trung tâm suối khoáng nóng cao cấp I-Resort</strong>: với không gian yên tĩnh, cây cối xanh tươi, I-Resort sẽ hiện ra như một bức tranh thiên nhiên đậm chất Việt, Quý khách sẽ được trải nghiệm mới dịch vụ tắm khoáng thư giãn. Ngoài ra, Quý khách còn có thể tắm bùn khoáng hoặc massage cho làn da thêm tươi trẻ (chi phí tắm bùn tự túc)</div>
			<div>
				Buổi tối, Quý khách có thể tự do trải nghiệm phố biển về đêm hay thưởng thức 1 ly cocktail bên cạnh hồ bơi của khách sạn. Nghỉ đêm tại Nha Trang.</div>
		</div>
	


                                        </div>
                                        <div class=""an-hien ah2"">
                                            <div class=""hienra"">
                                                <a href=""#""> Xem thêm &nbsp;<i class=""fas fa-arrow-down""></i></a>
                                            </div>
                                            <div class=""andi"" style=""display: none;"">
                                                <a href=""#""> Ẩn đi &nbsp;<i class=""fas fa-arrow-up""></i></a>
                                            </div>
                                        </div>
                                        <div class=""border""></div>
                                    </div>
                                </div>
                                <div class=""list__item"">
                                    <div class=""list__time"">
                                        <div class=""num"">Ngày 03</div>
                                        <div class=""day"">20-06-2020</div>
                                    </div>
                                    <div class=""list__border""></div>
                                    <div class=""list__desc"">
                                        <h3 class=""font500 name""><img src=""/Content/ThemeHe/img/i-marker.png"" alt=""marker"">&nbsp;&nbsp;&nbsp;NHA TRANG – THIÊN ĐƯỜNG CỦA BIỂN   Số bữa ăn: 2 (Ăn sáng, ăn trưa)</h3>
                                        <div class=""d3 detail"">
                                            
	
		<title></title>
	
	
		<div style=""text-align: justify;"">
			<div>
				Dùng bữa sáng tại khách sạn, Xe đưa đoàn đi tham quan:&nbsp;</div>
			<div>
				-<span style=""white-space:pre""> </span><strong>KDL <a href=""https://travel.com.vn/nha-trang/tour-hon-lao.aspx?utm_source=internalbl&amp;utm_medium=click&amp;utm_campaign=ATLinks"" target=""_blank"">Hòn Lao</a> - Đảo Khỉ</strong>: nơi có hơn 1000 chú khỉ đang được bảo tồn và sinh sống tự nhiên. Quý khách tự do tắm biển, thư giãn, tham quan xem chương trình biểu diễn xiếc Khỉ, đua chó, khỉ bơi lội hoặc trải nghiệm các môn thể thao trên bãi biển và trò chơi: canô kéo dù, mô tô nước, đua xe công thức 1, bắn súng sơn, cưỡi đà điểu … (chi phí tự túc).&nbsp; Ăn trưa. Sau đó xe đưa đoàn về lại khách sạn tự do nghỉ ngơi.&nbsp;</div>
			<div>
				-<span style=""white-space:pre""> </span>Buổi chiều, Quý khách tự do thuê xe điện khám phá một vòng thành phố <a href=""https://travel.com.vn/nha-trang/tour-nha-trang.aspx?utm_source=internalbl&amp;utm_medium=click&amp;utm_campaign=ATLinks"" target=""_blank"">Nha Trang</a> với những công trình nổi tiếng như: Chùa Long Sơn, Nhà Thờ Đá, ,.., Thưởng thức hải sản tại Phố Tháp Bà hay những nhà hàng dọc đường Trần Phú và thư giãn với massage chân xua tan mệt mỏi,..( chi phí tự túc). HOẶC Quý khách có thể tự do đi tham quan KDL Vinpearl Land: (Giá vé sử dụng sau 17 giờ chiều:&nbsp; +660.000đồng/ người lớn (chiều cao từ 1m4 trở lên); +500.000đồng/ trẻ em (chiều cao từ 1m - dưới 1m4). Về lại khách sạn, tự do nghỉ ngơi.&nbsp; Nghỉ đêm tại Nha Trang&nbsp;&nbsp;</div>
			<div>
				&nbsp;</div>
			<div>
				<em><strong>Ghi chú: Trong trường hợp quý khách lựa chọn đi tham quan KDL Vinpearl Land cả ngày không đi KDL Hòn Lao – Đảo Khỉ và ăn trưa, vui lòng báo ngay khi đăng ký trừ chi phí - 230.000đồng/1khách người lớn, - 165.000đồng/1 khách trẻ em.&nbsp;&nbsp;</strong></em></div>
		</div>
	


                                        </div>
                                        <div class=""an-hien ah3"">
                                            <div class=""hienra"">
                                                <a href=""#""> Xem thêm &nbsp;<i class=""fas fa-arrow-down""></i></a>
                                            </div>
                                            <div class=""andi"" style=""display: none;"">
                                                <a href=""#""> Ẩn đi &nbsp;<i class=""fas fa-arrow-up""></i></a>
                                            </div>
                                        </div>
                                        <div class=""border""></div>
                                    </div>
                                </div>
                                <div class=""list__item"">
                                    <div class=""list__time"">
                                        <div class=""num"">Ngày 04</div>
                                        <div class=""day"">21-06-2020</div>
                                    </div>
                                    <div class=""list__border""></div>
                                    <div class=""list__desc"">
                                        <h3 class=""font500 name""><img src=""/Content/ThemeHe/img/i-marker.png"" alt=""marker"">&nbsp;&nbsp;&nbsp;NHA TRANG – TP.HỒ CHÍ MINH   Số bữa ăn 2 (Ăn sáng, trưa)</h3>
                                        <div class=""d4 detail"">
                                            
	
		<title></title>
	
	
		<div style=""text-align: justify;"">
			Sau khi dùng bữa sáng, đoàn trả phòng và khởi hành về lại TP.HCM. Trên đường đi, đoàn dừng chân tại:</div>
		<div style=""text-align: justify;"">
			-<strong><span style=""white-space:pre""> </span>Organik Farm - Hello Muine</strong>: mua sắm đặc sản Phan Thiết sạch về làm quà cho người thân và bạn bè. Chiều đoàn về đến TP. Hồ Chí Minh, xe đưa về điểm đón ban đầu. Chia tay Quý khách và kết thúc chương trình <a href=""https://travel.com.vn/?utm_source=internalbl&amp;utm_medium=click&amp;utm_campaign=ATLinks"" target=""_blank"">du lịch</a>.</div>
	


                                        </div>
                                        <div class=""an-hien ah4"">
                                            <div class=""hienra"">
                                                <a href=""#""> Xem thêm &nbsp;<i class=""fas fa-arrow-down""></i></a>
                                            </div>
                                            <div class=""andi"" style=""display: none;"">
                                                <a href=""#""> Ẩn đi &nbsp;<i class=""fas fa-arrow-up""></i></a>
                                            </div>
                                        </div>
                                        <div class=""border""></div>
                                    </div>
                                </div>","Nha Trang với khí hậu ôn hòa, biển xanh trong quanh năm cùng những điểm vui chơi bậc nhất và không ngừng đổi mới hằng ngày luôn thu hút du khách gần xa. Đến với Nha Trang, du khách không chỉ tận hưởng những đợt gió biển trong nắng ấm mà còn có dịp thưởng thức hải sản tươi ngon cùng sự chào đón nồng hậu từ những người dân vùng biển nghĩa tình, cho Quý khách trải nghiệm khó quên tại vùng đất này.",4 Ngày